model,cv_roc_auc_mean,cv_roc_auc_std,train_roc_auc_mean,valid_roc_auc,valid_average_precision,valid_recall,valid_f1,overfit_gap_auc
logistic_regression,0.7455522881394397,0.014715442834182415,0.7615817391718753,0.750818413034172,0.7102961527868091,0.6420765027322405,0.6385869565217391,0.016029451032435582
random_forest,0.7201481367702435,0.01301266503715825,1.0,0.7353378157185666,0.6945878497430285,0.5819672131147541,0.6147186147186147,0.2798518632297565
hist_gradient_boosting,0.6886461786083892,0.016450783048882794,0.999210002368675,0.7054720354561709,0.6579369881917942,0.5983606557377049,0.6066481994459834,0.3105638237602858
dummy_baseline,0.5,0.0,0.5,0.5,0.4575,0.0,0.0,0.0
