model,cv_roc_auc_mean,cv_roc_auc_std,train_roc_auc_mean,valid_roc_auc,valid_average_precision,valid_recall,valid_f1,overfit_gap_auc
logistic_regression,0.7455522881394397,0.014715442834182415,0.7615817391718753,0.750818413034172,0.7102961527868091,0.6420765027322405,0.6385869565217391,0.016029451032435582
random_forest,0.7201481367702435,0.01301266503715825,1.0,0.7353378157185666,0.6945878497430285,0.5819672131147541,0.6147186147186147,0.2798518632297565
catboost,0.7259659069651984,0.01371784268466655,0.9244768606809514,0.7336128528619273,0.695294848777798,0.6284153005464481,0.6233062330623306,0.198510953715753
xgboost,0.7154600732810463,0.016695398225793464,0.9338714545100503,0.7267822517690312,0.6742446827949027,0.5819672131147541,0.6147186147186147,0.21841138122900394
hist_gradient_boosting,0.6886461786083892,0.016450783048882794,0.999210002368675,0.7054720354561709,0.6579369881917942,0.5983606557377049,0.6066481994459834,0.3105638237602858
lightgbm,0.6926255732842884,0.015950110308870672,0.999016328859291,0.6998438719750195,0.6479899563454665,0.5819672131147541,0.5974754558204769,0.3063907555750026
dummy_baseline,0.5,0.0,0.5,0.5,0.4575,0.0,0.0,0.0
